{
    "ccp_4p_room361_2": {
        "c0.90_happo_5p_3c_rvs_room361_": [
            0.09,
            5.203333333333323,
            0.9893544472140485
        ],
        "happo_5p_sp_rvs_room361_": [
            0.136,
            5.1639705882352835,
            0.9092597825022939
        ],
        "SFM_10.0_0.3_room361_": [
            0.68,
            5.449999999999989,
            0.9344942010332111
        ],
        "SFM_10.0_0.3_circlecross_": [
            0.832,
            8.488581730769218,
            0.6888941515022007
        ],
        "happo_5p_sp_rvs_circlecross_": [
            0.54,
            8.534999999999988,
            0.765317048800821
        ],
        "c0.90_happo_5p_3c_rvs_circlecross_": [
            0.074,
            8.422972972972962,
            0.6646066297009993
        ],
        "SFM_5.0_1.5_room361_": [
            0.576,
            5.262673611111101,
            0.8252971714770784
        ]
    },
    "proposed_4p_room361_2": {
        "SFM_10.0_0.3_room361_": [
            0.504,
            4.256547619047612,
            1.3519631470225133
        ],
        "SFM_5.0_1.5_room361_": [
            0.204,
            3.922549019607837,
            1.7867380105055393
        ],
        "happo_5p_sp_rvs_room361_": [
            0.388,
            4.3051546391752495,
            1.251071386956785
        ],
        "SFM_10.0_0.3_circlecross_": [
            0.692,
            8.609971098265884,
            0.6998205792167987
        ],
        "happo_5p_sp_rvs_circlecross_": [
            0.476,
            8.809453781512596,
            0.6991478276006103
        ],
        "c0.90_happo_5p_3c_rvs_circlecross_": [
            0.584,
            8.756164383561636,
            0.7556044122241327
        ],
        "c0.90_happo_5p_3c_rvs_room361_": [
            0.424,
            4.253301886792445,
            1.2654194037373225
        ]
    },
    "SFMC_4p_room361": {
        "SFM_10.0_0.3_room361_": [
            0.542,
            7.401660516605165,
            2.7967870025955865
        ],
        "SFM_10.0_0.3_circlecross_": [
            0.0, NaN, NaN
        ],
        "happo_5p_sp_rvs_circlecross_": [
            0.0, NaN, NaN
        ],
        "happo_5p_sp_rvs_room361_": [
            0.314,
            7.510191082802546,
            2.608363195993519
        ],
        "c0.90_happo_5p_3c_rvs_circlecross_": [
            0.0, NaN, NaN
        ],
        "c0.90_happo_5p_3c_rvs_room361_": [
            0.202,
            7.654455445544555,
            2.717946398340589
        ],
        "SFM_5.0_1.5_room361_": [
            0.448,
            7.4408482142857135,
            2.835547423558078
        ]
    },
    "sp_4p_room361_2": {
        "happo_5p_sp_rvs_room361_": [
            0.202,
            4.128217821782171,
            1.3830912400475368
        ],
        "SFM_10.0_0.3_room361_": [
            0.434,
            3.8864055299539113,
            1.4584133735893732
        ],
        "SFM_5.0_1.5_room361_": [
            0.352,
            3.903124999999994,
            1.369515469331626
        ],
        "SFM_10.0_0.3_circlecross_": [
            0.714,
            7.605182072829114,
            0.7386828939605136
        ],
        "c0.90_happo_5p_3c_rvs_circlecross_": [
            0.552,
            7.612137681159403,
            0.8166559569723322
        ],
        "happo_5p_sp_rvs_circlecross_": [
            0.222,
            7.701351351351335,
            0.6746857613379943
        ],
        "c0.90_happo_5p_3c_rvs_room361_": [
            0.246,
            4.125203252032514,
            1.4130543229700012
        ]
    }
}